Problem,Regime,Jobs,Ops,Baseline_Cost,GHCA_Cost,Heuristic_Cost,Linear_ML_Cost,Surrogate_Cost,Baseline_OCT,GHCA_OCT,Heuristic_OCT,Linear_OCT,Surrogate_OCT,Baseline_LB,GHCA_LB,Heuristic_LB,Linear_LB,Surrogate_LB,Time_GHCA_s,Time_Surrogate_s,Pct_vs_Baseline,Pct_vs_GHCA,Pct_vs_Heuristic,Pct_vs_Linear_ML
P1,Small,8,24,144.26,93.0,92.33,93.0,92.41,201.99999999999997,131.0,131.00000000000003,131.0,131.00000000000003,9.54,4.35,2.1,4.35,2.37,1.913,6.27,35.94,0.63,-0.09,0.63
P2,Small,8,25,143.34,100.95,101.38,101.71,100.91,200.2,143.0,143.00000000000003,143.00000000000003,142.99999999999997,10.66,2.83,4.26,5.37,2.7,1.2,5.84,29.6,0.04,0.46,0.79
P3,Small,8,26,144.7,102.41,102.46,102.34,102.86,202.39999999999998,145.2,145.2,145.19999999999996,145.2,10.07,2.57,2.73,2.33,4.07,1.266,6.217,28.91,-0.44,-0.39,-0.51
P4,Small,8,26,131.93,86.66,86.41,86.46,86.42,185.4,122.40000000000002,122.4,122.40000000000002,122.40000000000002,7.18,3.26,2.44,2.61,2.46,1.21,5.906,34.5,0.28,-0.01,0.05
P5,Small,8,25,148.81,106.94,107.0,107.48,106.92,203.60000000000002,151.8,151.8,151.8,151.8,20.98,2.28,2.48,4.06,2.2,1.19,5.625,28.15,0.02,0.07,0.52
P6,Small,8,27,172.85,110.88,110.55,110.73,111.33,240.6,156.59999999999997,156.59999999999997,156.6,156.6,14.77,4.19,3.11,3.69,5.69,1.254,6.194,35.59,-0.41,-0.71,-0.54
P7,Small,8,25,127.75,86.59,86.44,87.63,87.18,175.60000000000002,122.6,122.60000000000001,122.60000000000001,122.60000000000001,16.11,2.57,2.05,6.04,4.54,1.228,5.71,31.76,-0.68,-0.86,0.51
P8,Small,8,24,140.18,95.64,95.86,95.96,95.87,192.8,135.2,135.2,135.2,135.2,17.39,3.34,4.06,4.41,4.09,1.16,5.493,31.61,-0.24,-0.01,0.09
P9,Small,8,24,144.21,89.18,88.78,88.85,89.61,188.40000000000003,125.79999999999998,125.79999999999998,125.79999999999998,125.79999999999998,41.1,3.75,2.39,2.63,5.16,1.166,5.506,37.86,-0.48,-0.93,-0.86
P10,Small,8,27,153.74,94.07,94.18,94.38,94.68,215.0,133.40000000000003,133.4,133.4,133.4,10.79,2.29,2.67,3.34,4.33,1.247,6.307,38.42,-0.65,-0.53,-0.32
P11,Large,18,56,330.36,235.16,235.44,235.24,235.94,465.8,335.00000000000006,335.19999999999993,334.99999999999994,335.00000000000006,14.32,2.2,2.68,2.47,4.81,2.622,11.986,28.58,-0.33,-0.21,-0.3
P12,Large,18,57,307.53,194.07,193.62,193.85,193.87,433.8000000000001,275.8,275.80000000000007,275.8,275.8,12.89,3.37,1.86,2.62,2.7,2.691,12.411,36.96,0.1,-0.13,-0.01
P13,Large,18,57,335.87,221.29,221.01,221.6,221.32,476.0,314.59999999999997,314.59999999999997,314.59999999999997,314.59999999999997,8.9,3.57,2.65,4.61,3.67,2.666,12.549,34.11,-0.01,-0.14,0.13
P14,Large,18,59,344.24,225.33,224.37,224.31,225.48,486.40000000000003,319.2000000000001,319.20000000000005,319.20000000000005,320.6,12.52,6.31,3.1,2.91,3.53,2.734,12.76,34.5,-0.07,-0.49,-0.52
P15,Large,18,55,300.93,191.57,190.48,190.67,190.81,415.6,271.2,271.20000000000005,271.2,271.2,33.35,5.77,2.14,2.78,3.23,2.552,11.976,36.59,0.4,-0.17,-0.07
P16,Large,18,60,327.85,222.02,222.01,222.25,222.49,462.79999999999995,315.8,315.7999999999999,315.8,315.79999999999995,12.96,3.21,3.16,3.96,4.77,2.838,13.192,32.14,-0.21,-0.22,-0.11
P17,Large,18,56,330.03,238.19,238.18,238.42,238.14,466.00000000000006,338.8,338.8,338.79999999999995,338.8,12.76,3.44,3.4,4.21,3.27,2.686,12.482,27.84,0.02,0.02,0.12
P18,Large,18,60,319.65,211.29,211.07,211.95,211.85,448.80000000000007,300.59999999999997,300.6000000000001,300.6,300.6,18.3,2.91,2.16,5.11,4.76,2.946,13.693,33.72,-0.27,-0.37,0.05
P19,Large,18,56,314.95,211.96,212.15,211.53,211.43,439.6,301.0,300.99999999999994,300.99999999999994,300.99999999999994,24.09,4.2,4.85,2.76,2.44,2.604,12.44,32.87,0.25,0.34,0.05
P20,Large,18,60,316.72,222.18,221.0,221.04,221.06,447.59999999999997,314.6,314.6,314.6,314.60000000000014,11.32,6.52,2.61,2.75,2.81,2.828,13.197,30.2,0.5,-0.03,-0.01
P21,Small,8,20,96.18,80.21,80.23,80.19,80.38,132.99999999999997,112.79999999999998,112.79999999999998,112.79999999999998,112.79999999999998,10.27,4.18,4.22,4.09,4.75,0.923,4.93,16.43,-0.21,-0.19,-0.24
P22,Small,8,24,123.02,97.38,97.7,97.2,97.21,168.2,137.60000000000002,137.60000000000002,137.60000000000002,137.6,17.61,3.54,4.6,2.92,2.97,1.18,5.839,20.98,0.17,0.5,-0.01
P23,Small,8,20,100.03,74.53,74.19,74.79,74.96,136.8,105.00000000000003,104.99999999999999,105.00000000000001,105.00000000000001,14.22,3.44,2.31,4.31,4.88,0.987,4.81,25.06,-0.58,-1.04,-0.23
P24,Small,8,23,126.3,86.1,86.24,86.13,86.1,170.60000000000002,121.8,121.79999999999995,121.79999999999997,121.79999999999998,22.92,2.81,3.28,2.9,2.8,1.12,5.474,31.83,0.0,0.16,0.03
P25,Small,8,21,118.37,86.41,86.39,86.39,87.02,158.79999999999998,122.20000000000002,122.2,122.2,122.2,24.02,2.9,2.85,2.85,4.95,1.01,5.007,26.48,-0.71,-0.73,-0.73
P26,Small,8,20,122.46,98.65,98.17,98.03,98.23,171.60000000000002,138.0,138.0,138.00000000000003,138.0,7.79,6.83,5.25,4.75,5.43,0.989,4.78,19.79,0.43,-0.06,-0.2
P27,Small,8,22,120.56,85.84,85.48,85.21,86.38,163.6,120.39999999999999,120.39999999999998,120.39999999999998,120.39999999999998,20.13,5.21,3.99,3.11,7.0,1.108,5.272,28.35,-0.63,-1.05,-1.37
P28,Small,8,22,101.83,74.27,73.91,73.91,73.99,135.2,104.4,104.4,104.4,104.4,23.98,3.98,2.77,2.78,3.04,1.053,5.148,27.34,0.38,-0.11,-0.11
P29,Small,8,21,126.18,99.74,99.27,99.49,99.46,175.0,140.20000000000002,140.20000000000002,140.20000000000002,140.2,12.28,5.34,3.78,4.51,4.4,1.017,4.987,21.18,0.28,-0.19,0.03
P30,Small,8,21,96.6,76.26,76.22,75.96,76.04,133.60000000000002,107.6,107.6,107.59999999999998,107.59999999999998,10.28,3.15,2.99,2.13,2.41,1.012,4.997,21.28,0.29,0.24,-0.11
P31,Large,18,47,209.23,155.11,155.23,155.2,155.48,293.6,220.6,220.6,220.6,220.6,12.36,2.31,2.71,2.6,3.55,2.255,10.378,25.69,-0.24,-0.16,-0.18
P32,Large,18,45,200.78,160.75,160.37,160.47,160.73,283.0,227.80000000000007,227.8000000000001,227.80000000000007,227.80000000000004,8.92,4.3,3.04,3.37,4.22,2.141,9.95,19.95,0.01,-0.22,-0.16
P33,Large,18,47,214.46,170.97,171.16,170.91,172.05,303.0,242.99999999999997,242.99999999999997,243.0,243.0,7.88,2.91,3.53,2.71,6.51,2.208,10.314,19.78,-0.63,-0.52,-0.67
P34,Large,18,44,206.34,155.11,154.52,154.54,154.53,287.0,219.4,219.4,219.39999999999998,219.4,18.14,5.09,3.13,3.21,3.16,2.079,9.771,25.11,0.37,-0.01,0.01
P35,Large,18,49,243.46,188.69,188.64,188.56,188.81,334.8,267.6000000000001,267.6,267.6,267.6,30.34,4.57,4.39,4.12,4.98,2.294,10.959,22.45,-0.06,-0.09,-0.13
P36,Large,18,46,214.6,162.41,161.59,161.89,161.98,300.0,229.79999999999995,229.79999999999995,229.79999999999995,229.79999999999995,15.35,5.17,2.45,3.43,3.74,2.215,10.219,24.52,0.26,-0.24,-0.06
P37,Large,18,49,260.19,197.25,196.88,196.88,197.64,368.59999999999997,280.4,280.4,280.4,280.4,7.24,3.23,2.01,2.0,4.54,2.326,10.973,24.04,-0.2,-0.39,-0.39
P38,Large,18,53,280.63,205.06,204.92,205.2,205.09,396.4,291.6,291.6,291.6,291.6,10.49,3.14,2.68,3.61,3.24,2.643,11.63,26.92,-0.01,-0.08,0.05
P39,Large,18,51,262.32,184.24,184.4,184.44,183.98,368.6000000000001,261.79999999999995,261.79999999999995,261.7999999999999,261.79999999999995,14.34,3.28,3.81,3.93,2.41,2.43,11.263,29.86,0.14,0.23,0.25
P40,Large,18,49,247.95,175.71,175.5,175.51,175.8,345.59999999999997,249.6,249.59999999999997,249.59999999999997,249.6,20.1,3.31,2.59,2.63,3.6,2.324,11.016,29.1,-0.05,-0.17,-0.17
